<?xml version="1.0" encoding="UTF-8"?>
<presets xmlns="http://josm.openstreetmap.de/tagging-preset-1.0"
  author="Sowa1980"
  link="https://wiki.openstreetmap.org/wiki/RU:Key:operator"
  icon=""
  description="hunting_and_fishing"
  ru.description="Служит для внесения: охотхозяйств, нерестовый участок, зимовальных ям"
  shortdescription="hunting_and_fishing"
  ru.shortdescription="охотхозяйства и рыболовство"
  version="0.1_2022-02-23">
                    
  <group name="hunting_and_fishing" ru.name="охотхозяйства и рыболовство" icon="" >
    <item name="охотничье хозяйство" ru.name="охотничье хозяйство" type="multipolygon,relation,closedway,relation types" preset_name_label="true" icon="">
      <space/>
	  <key key="landuse" value="hunting farm" />
	  <space/>
      </item>
	  <item name="зимовальная яма" type="multipolygon,relation,closedway,relation types" preset_name_label="true" icon="">
      <space/>
	  <key key="wintering" value="wintering pit" />
	  <space/>
      </item>
	  <item name="spawning area" ru.name="нерестовый участок" type="multipolygon,relation,closedway,relation types" preset_name_label="true" icon="">
      <space/>
	  <key key="spawning" value="area" />
	  <space/>
      </item>
  </group>
</presets>
